<?xml version="1.0" encoding="UTF-8"?>
<project xmlns="http://maven.apache.org/POM/4.0.0" xmlns:xsi="http://www.w3.org/2001/XMLSchema-instance" xsi:schemaLocation="http://maven.apache.org/POM/4.0.0 http://maven.apache.org/maven-v4_0_0.xsd">
  <modelVersion>4.0.0</modelVersion>
  <groupId>com.king.flink.files</groupId>
  <artifactId>FileReaderFlink</artifactId>
  <name>FileReaderFlink</name>
  <version>0.1</version>
  <url>http://maven.apache.org</url>
  <build>
    <plugins>
      <plugin>
        <artifactId>maven-compiler-plugin</artifactId>
        <version>3.6.0</version>
        <configuration>
          <source>1.8</source>
          <target>1.8</target>
        </configuration>
      </plugin>
      <plugin>
        <artifactId>maven-shade-plugin</artifactId>
        <version>2.3</version>
        <executions>
          <execution>
            <phase>package</phase>
            <goals>
              <goal>shade</goal>
            </goals>
            <configuration>
              <transformers>
                <transformer>
                  <mainClass>com.king.flink.files.Main</mainClass>
                </transformer>
              </transformers>
            </configuration>
          </execution>
        </executions>
      </plugin>
    </plugins>
  </build>
  <repositories>
    <repository>
      <id>cloudera-repos</id>
      <name>Cloudera Repos</name>
      <url>https://repository.cloudera.com/artifactory/cloudera-repos/</url>
    </repository>
    <repository>
      <id>king-repos</id>
      <name>King Repos</name>
      <url>http://artifactory.int.midasplayer.com:8081/artifactory/king-repo-release</url>
    </repository>
  </repositories>
  <dependencies>
    <dependency>
      <groupId>junit</groupId>
      <artifactId>junit</artifactId>
      <version>4.12</version>
      <scope>test</scope>
      <exclusions>
        <exclusion>
          <artifactId>hamcrest-core</artifactId>
          <groupId>org.hamcrest</groupId>
        </exclusion>
      </exclusions>
    </dependency>
    <dependency>
      <groupId>org.apache.flink</groupId>
      <artifactId>flink-streaming-java_2.11</artifactId>
      <version>1.3.2</version>
      <scope>provided</scope>
      <exclusions>
        <exclusion>
          <artifactId>flink-core</artifactId>
          <groupId>org.apache.flink</groupId>
        </exclusion>
        <exclusion>
          <artifactId>flink-runtime_2.11</artifactId>
          <groupId>org.apache.flink</groupId>
        </exclusion>
        <exclusion>
          <artifactId>flink-clients_2.11</artifactId>
          <groupId>org.apache.flink</groupId>
        </exclusion>
        <exclusion>
          <artifactId>commons-math3</artifactId>
          <groupId>org.apache.commons</groupId>
        </exclusion>
        <exclusion>
          <artifactId>org.apache.sling.commons.json</artifactId>
          <groupId>org.apache.sling</groupId>
        </exclusion>
        <exclusion>
          <artifactId>slf4j-api</artifactId>
          <groupId>org.slf4j</groupId>
        </exclusion>
        <exclusion>
          <artifactId>jsr305</artifactId>
          <groupId>com.google.code.findbugs</groupId>
        </exclusion>
        <exclusion>
          <artifactId>force-shading</artifactId>
          <groupId>org.apache.flink</groupId>
        </exclusion>
      </exclusions>
    </dependency>
    <dependency>
      <groupId>com.google.cloud</groupId>
      <artifactId>google-cloud-storage</artifactId>
      <version>1.15.0</version>
      <scope>provided</scope>
      <exclusions>
        <exclusion>
          <artifactId>google-cloud-core</artifactId>
          <groupId>com.google.cloud</groupId>
        </exclusion>
        <exclusion>
          <artifactId>google-cloud-core-http</artifactId>
          <groupId>com.google.cloud</groupId>
        </exclusion>
        <exclusion>
          <artifactId>google-api-services-storage</artifactId>
          <groupId>com.google.apis</groupId>
        </exclusion>
      </exclusions>
    </dependency>
    <dependency>
      <groupId>log4j</groupId>
      <artifactId>log4j</artifactId>
      <version>1.2.17</version>
      <scope>provided</scope>
    </dependency>
  </dependencies>
  <properties>
    <scala.binary.version>2.11</scala.binary.version>
    <flink.version>1.3.2</flink.version>
    <hadoop.version>2.6</hadoop.version>
  </properties>
</project>

