{
    "listeners": [{
        "address": "tcp://0.0.0.0:8000",
        "filters": [{
            "type": "read",
            "name": "http_connection_manager",
            "config": {
                "server_name": "nextapi",
                "codec_type": "auto",
                "stat_prefix": "ingress_http",
                "use_remote_address": true,
                "access_log": [{"path": "/tmp/envoy.access.log"}],
                "route_config": {
                    "virtual_hosts": [{
                        "name": "grpc_service",
                        "domains": ["*"],
                        "routes": [{
                            "prefix": "/",
                            "cluster": "grpc1",
                            "timeout_ms": 5000
                        }]
                    }]
                },
                "filters": [
                    
                    {
                        "type": "decoder",
                        "name": "router",
                        "config": {}
                    },
                    {
                        "name": "cors",
                        "config": {}
                    }
                ]
            }
        }]
    }],
    "admin": {
        "access_log_path": "/tmp/admin_access.log",
        "address": "tcp://0.0.0.0:9901"
    },
        "clusters": [{
            "name": "grpc1",
            "connect_timeout_ms": 250,
            "type": "static",
            "lb_type": "random",
            "features": "http2",
            "hosts": [
                {"url": "tcp://0.0.0.0:50051"}
            ]
        }]

}
