<?xml version="1.0" encoding="UTF-8"?>

<!--Autogenerated by Cloudera Manager-->
<configuration>
  <property>
    <name>dfs.nameservices</name>
    <value>nameservice-prod</value>
  </property>
  <property>
    <name>dfs.client.failover.proxy.provider.nameservice-prod</name>
    <value>org.apache.hadoop.hdfs.server.namenode.ha.ConfiguredFailoverProxyProvider</value>
  </property>
  <property>
    <name>dfs.ha.automatic-failover.enabled.nameservice-prod</name>
    <value>true</value>
  </property>
  <property>
    <name>ha.zookeeper.quorum</name>
    <value>bihdjh.skd.midasplayer.com:2181,bihdnn01.skd.midasplayer.com:2181,bihdnn02.skd.midasplayer.com:2181,bihdrm01.skd.midasplayer.com:2181,bihdrm02.skd.midasplayer.com:2181</value>
  </property>
  <property>
    <name>dfs.ha.namenodes.nameservice-prod</name>
    <value>namenode4107,namenode4109</value>
  </property>
  <property>
    <name>dfs.namenode.rpc-address.nameservice-prod.namenode4107</name>
    <value>bihdnn01.skd.midasplayer.com:8020</value>
  </property>
  <property>
    <name>dfs.namenode.servicerpc-address.nameservice-prod.namenode4107</name>
    <value>bihdnn01.skd.midasplayer.com:8022</value>
  </property>
  <property>
    <name>dfs.namenode.http-address.nameservice-prod.namenode4107</name>
    <value>bihdnn01.skd.midasplayer.com:50070</value>
  </property>
  <property>
    <name>dfs.namenode.https-address.nameservice-prod.namenode4107</name>
    <value>bihdnn01.skd.midasplayer.com:50470</value>
  </property>
  <property>
    <name>dfs.namenode.rpc-address.nameservice-prod.namenode4109</name>
    <value>bihdnn02.skd.midasplayer.com:8020</value>
  </property>
  <property>
    <name>dfs.namenode.servicerpc-address.nameservice-prod.namenode4109</name>
    <value>bihdnn02.skd.midasplayer.com:8022</value>
  </property>
  <property>
    <name>dfs.namenode.http-address.nameservice-prod.namenode4109</name>
    <value>bihdnn02.skd.midasplayer.com:50070</value>
  </property>
  <property>
    <name>dfs.namenode.https-address.nameservice-prod.namenode4109</name>
    <value>bihdnn02.skd.midasplayer.com:50470</value>
  </property>
  <property>
    <name>dfs.replication</name>
    <value>3</value>
  </property>
  <property>
    <name>dfs.blocksize</name>
    <value>134217728</value>
  </property>
  <property>
    <name>dfs.client.use.datanode.hostname</name>
    <value>false</value>
  </property>
  <property>
    <name>fs.permissions.umask-mode</name>
    <value>022</value>
  </property>
  <property>
    <name>dfs.namenode.acls.enabled</name>
    <value>false</value>
  </property>
  <property>
    <name>dfs.client.use.legacy.blockreader</name>
    <value>false</value>
  </property>
  <property>
    <name>dfs.client.read.shortcircuit</name>
    <value>true</value>
  </property>
  <property>
    <name>dfs.domain.socket.path</name>
    <value>/var/run/hdfs-sockets/dn</value>
  </property>
  <property>
    <name>dfs.client.read.shortcircuit.skip.checksum</name>
    <value>false</value>
  </property>
  <property>
    <name>dfs.client.domain.socket.data.traffic</name>
    <value>false</value>
  </property>
  <property>
    <name>dfs.datanode.hdfs-blocks-metadata.enabled</name>
    <value>true</value>
  </property>
  <property>
    <name>dfs.client.block.write.locateFollowingBlock.retries</name>
    <value>10</value>
  </property>
</configuration>
